alias "John Collings" JCollings@example.com
note "John Collings" <name:John Collings>Ball '99
alias "Al Blank" Fandango@example.com
note "Al Blank" <name:Al Blank and Nancy E. DeVore><address:123 Some AvenueSome Town, NY 12345-6789><phone:123 456-7890>Albert Blank & Nancy DeVore123 Some AvenueSome Town, NY 12345
alias "Alan Wright" AWright29@example.com
note "Alan Wright" <name:Alan Wright>Ball '99
alias "Ann Margaret McKillop" AM194@example.com
note "Ann Margaret McKillop" <name:Ann Margaret McKillop>
alias "Anne Leslie" Fidhle1@example.com
note "Anne Leslie" <name:Anne Leslie>
alias "Anne Lowenthal" AnneL@example.com
note "Anne Lowenthal" <name:Anne Lowenthal>
alias "Annie Eden" AEdden@example.com
note "Annie Eden" <name:Annie Eden>
alias "Aurlie Laurence" AurelieMaria@example.com
note "Aurlie Laurence" <name:Aurelie Laurence>Ball '99
alias "Barbara Bezdek" ChesArch@example.com
note "Barbara Bezdek" <name:Barbara Bezdek>
alias "Barbara Orton" BarOrton@example.com
note "Barbara Orton" <name:Barbara Orton>
alias Bec BEC@example.com
note Bec <name:Bec Hamadock>
alias "Bob Le Mar" AllSo@example.com
note "Bob Le Mar" <name:Robert D. Le Mar>ArtistP.O. Box 12345Some Park, MD 12345123-345-7890
alias "Carl Andersen" Carl.Andersen@example.com
note "Carl Andersen" <name:Carl E. Andersen (CAP, CORP)>Carol Kerr, tooECDers, '99
alias Carl_F CF1125@example.com
note Carl_F <name:Carl Friedman>
alias "Carolyn Worthing" Worthing@example.com
note "Carolyn Worthing" <name:Carolyn Worthing>
alias "Catherine Langrehr" Langrehr@example.com
note "Catherine Langrehr" <name:Catherine Langrehr>ECD Ball 99
alias "Charlotte Bristow" CEBristow@example.com
note "Charlotte Bristow" <name:Charlotte Bristow>
alias "Chloe Maher" ChloeMaher@example.com
note "Chloe Maher" <name:Chloe Maher>
alias "Crystal Paul" CPaul@example.com
note "Crystal Paul" <name:Crystal Paul>ECD Ball '99
alias "Dan Gillespie" Dan.Gillespie@example.com
note "Dan Gillespie" <name:Dan Gillespie>
alias "Debra Rolison" Rolison@example.com
note "Debra Rolison" <name:Debra Rolison>
alias "Denis Orton" MBOrton@example.com
note "Denis Orton" <name:Denis Orton>
alias "Elizabeth Vermeer" EDVermeer@example.com
note "Elizabeth Vermeer" <name:Elizabeth Vermeer>
alias "Ellen Blumner" EBlumner@example.com
note "Ellen Blumner" <name:Ellen Blumner>
alias "Erica Knicker" gjhnah@example.com
note "Erica Knicker" <name:Erica Knicker>Ball '99
alias "Fred Blonder" Fred.Blonder@example.com
note "Fred Blonder" <name:Fred Blonder>
alias "Gabriel Epstein" Vaphil@example.com
note "Gabriel Epstein" <name:Gabriel Epstein>
alias "Grigsby Wotton" GWotton@example.com
note "Grigsby Wotton" <name:Grigsby Wotton>
alias "Helen Powell" Leap@example.com
note "Helen Powell" <name:Spronging>
alias "Henry Szymanski" hnd2szy@example.com
note "Henry Szymanski" <name:Henry Szymanski>
alias Howard HMarkham@earthlink.net
note Howard <name:Howard A. Markham>
alias "Jason Birzer" LongShot@example.com
note "Jason Birzer" <name:Jason W. Birzer>
alias "Jean Murphy" Jean.Murphy@example.com
note "Jean Murphy" <name:Jean Murphy>ECD '99
alias "Jennie Hango" JHango@example.com
note "Jennie Hango" <name:Jennie Hango>
alias "Jenny Beer" JBeer@example.com
note "Jenny Beer" <name:Jennifer Beer>
alias "Joan Milstead" JMacDougal@example.com
note "Joan Milstead" <name:Joan M. Milstead>99 Ball
alias "JoAnn Morris" JMorris@example.com
note "JoAnn Morris" <name:JoAnn Morris>
alias "John Montrie" IvanChort@example.com
note "John Montrie" <name:John Montrie>Ball '99
alias Jailbait JailBait@Apocalypse.org,
note Jailbait <name:Richard (Jailbait) Segal>
alias "Judith DeBiase" Judid@example.com
note "Judith DeBiase" <name:Judith DeBiase>
alias "Kloper - Dave and Julie" Kloper@example.com
note "Kloper - Dave and Julie" <name:Dave and Julie Kloper>
alias "Linda Taggart" Wilhelmina_d@example.com
note "Linda Taggart" <name:Linda D. Taggart>
alias "Lois Czapiewski" Lczap@example.com
note "Lois Czapiewski" <name:Lois Czapiewski>EDC ball 1999
alias "Lou Vosteen" LVosteen@example.com
note "Lou Vosteen" <name:Lou Vosteen><address:Louis Vosteen1234 Some TreeSome Town VA 12345>ECDer
alias "Maryn McKenna" MMcKenna@example.com>
note "Maryn McKenna" <name:Maryn McKenna>
alias "Maureen Orton" Mborton@example.com
note "Maureen Orton" <name:Maureen Orton>Maureen and DenisBall 99
alias "Melissa Weisshaus" Melissa@example.come
note "Melissa Weisshaus" <name:Melissa Weisshaus>Entered MSW program at Bryn Mawr, Fall/Winter 1997.
alias "Naomi Davis" NJDavis3@example.com
note "Naomi Davis" <name:Naomi Davis>Ball '99
alias "Pat Ruggiero" RuggieroP@example.come
note "Pat Ruggiero" <phone:804-589-6264><address:RR #1, Box 12345Some Town, VA 12345><name:Pat Ruggiero>
alias "Pat Ruth" Patricia.Ruth@example.come
note "Pat Ruth" <name:Pat Ruth>
alias "Paul Ballard" Ballard@example.com
note "Paul Ballard" <name:Paul Ballard>
alias "Ralph Shore" RDShore@example.com
note "Ralph Shore" <name:Ralph Shore>ECD Ball 1999
alias "Richard Winston" RBWinston@example.com
note "Richard Winston" <name:Richard B. Winston>ECD '99
alias Rudy SFRudy@example.com
note Rudy <name:Susan Rudy>
alias "Sam Rotenberg" SRotenbe@example.com
note "Sam Rotenberg" <name:Sam Rotenberg>
alias "Sandra Linenschmidt" S2LINEN@example.com
note "Sandra Linenschmidt" <name:Sandi Linenschmidt>Ball '99
alias "Susan Dudley" SusanDudle@example.com
note "Susan Dudley" <name:Susan Dudley>Ball Registrant, 1998
alias "Susie Lorland" ben@example.com
note "Susie Lorland" <name:Susie Lorland>
alias "Tanya Rotenberg" GTRotenb@example.com
note "Tanya Rotenberg" <name:Tanya Rotenberg>
alias "Ted Rudofker" TedRudofker@example.com
note "Ted Rudofker" <name:Ted Rudofker>
alias "Tenby Ihde" Dyfed@example.com
note "Tenby Ihde" <name:Tenby Ihde>New ECDer from VA.
alias "Terry Shehan" SheehanTA@example.com
note "Terry Shehan" <name:Terry Sheehan>
alias "Tom Anastasio" taanatasio@example.com
note "Tom Anastasio" <name:Tom Anastasio>
alias "Vicky Bocock" HMVB@example.com
note "Vicky Bocock" <name:Vicky Bocock>
alias "Wayne Harvey" Waynne@example.com
note "Wayne Harvey" <name:Wayne Harvey>
alias Wexelblatt tigerlil@example.com
note Wexelblatt <name:Pat Wexelblatt>
alias Witt LauerWitt@example.com
note Witt <name:Gretchen & Andrew Witt>
alias "Kim Shaw" Trailmix5@example.com
note "Kim Shaw" <name:Kim Shaw>Ball '99 on scholarship
alias "JoAnne Rawls" JRawls@example.com
note "JoAnne Rawls" <name:JoAnne Rawls>ljrawls@example.com
alias "Susan Murrow" 75272.730@example.com
note "Susan Murrow" <name:Susan Murrow>
alias "Carol Oneill"
note "Carol Oneill" <address:12346 Some AveSome Town, PA 12345-1234><name:Carol Oneill>
alias "Valerie Webster" I_W_Webster@example.com
note "Valerie Webster" <address:2 Some CloseSome Town, Some County AB12 3DFEngland><name:Valerie and Ian Webster>Dancer in England
alias "Margherita Davis" Margheritad@example.com
note "Margherita Davis" <name:Margherita Davis>
alias Sheryl Sheryl.Griffith@example.com
note Sheryl <name:Sheryl Griffith>
alias "Alice Rose" AliceRoseAdams@example.com
note "Alice Rose" <name:Alice Rose Adams>
alias "Arlene Ring" ARleneRing@example.com
note "Arlene Ring" <name:Arlene Ring>
alias "Tom Maher" ClareCello@example.com
note "Tom Maher" <name:Tom Maher>
alias "Holly Steussy" SteussyHa@example.com
note "Holly Steussy" <name:Holly Steussy>
alias "Barbara Harding" BarbHarding@example.com
note "Barbara Harding" <name:Barbara Harding>
alias "David Millstone" Millstone@example.com
note "David Millstone" <name:David H. Millstone>
alias "Leonard Lu" LWLu@example.com
alias "Al Petty" APetty@example.com
note "Al Petty" <name:Al Petty>
alias "Bob Farrell" Baronanely@example.com
note "Bob Farrell" <name:Bob Farrell>
alias "Deborah Sheldon" DSheldon@example.com
note "Deborah Sheldon" <name:Deborah Sheldon>
alias "Diane Friedman" DinkyDiane@example.com
note "Diane Friedman" <name:Diane Friedman>
alias "Peggy Edwards" PeggyW@example.com
note "Peggy Edwards" <name:Peggy Edwards>
alias "David Mallinak" Matchlck@example.com
note "David Mallinak" <name:David Mallinak>
alias "Kathleen Norvell" Appin1@example.com
note "Kathleen Norvell" <name:Kathleen Norvell>
alias "Linda Wolfe" WolfeLinda@example.com
note "Linda Wolfe" <name:Linda Wolfe>
alias "Theresa Abell" TAAbell@aol.com
note "Theresa Abell" <name:Theresa Abell>
alias "Karen Grycewicz" Grycewicz@example.com
note "Karen Grycewicz" <name:Karen Grycewicz>
alias "Kathy Wooldridge" KWoold@widomaker.com
note "Kathy Wooldridge" <name:Kathy Wooldridge>
alias "Paul Koehler" wznwhail@example.com
note "Paul Koehler" <name:Paul Koehler>
alias "Lori Fraind" LoriFraind@example.com
note "Lori Fraind" <name:Lori Fraind>
alias "Tabitha Barr" TBarr@example.com
note "Tabitha Barr" <name:Tabitha Barr>
alias "Gordon Daiger" Gordon Daiger <daiger@example.com>
note "Gordon Daiger" <name:Gordon Daiger>
alias "Virginia Jenkins" VirginiaJenkins@example.com
note "Virginia Jenkins" <name:Gina Jenkins>
