alias "John Collings" JCollings@erols.com
note "John Collings" <name:John Collings>Ball '99
alias "Al Blank" Fandango@sprintmail.com
note "Al Blank" <name:Al Blank and Nancy E. DeVore><address:102 Loring AvenuePelham, NY 10803-2014><phone:914 738-7678>Albert Blank & Nancy DeVore102 Loring AvenuePelham, NY 10803
alias "Alan Wright" AWright29@aol.com
note "Alan Wright" <name:Alan Wright>Ball '99
alias "Ann Margaret McKillop" AM194@umail.umd.edu
note "Ann Margaret McKillop" <name:Ann Margaret McKillop>
alias "Anne Leslie" Fidhle1@aol.com
note "Anne Leslie" <name:Anne Leslie>
alias "Anne Lowenthal" AnneL@ix.netcom.com
note "Anne Lowenthal" <name:Anne Lowenthal>
alias "Annie Eden" AEdden@gruzensamton.com
note "Annie Eden" <name:Annie Eden>
alias "Aurlie Laurence" AurelieMaria@home.com
note "Aurlie Laurence" <name:Aurelie Laurence>Ball '99
alias "Barbara Bezdek" ChesArch@aol.com
note "Barbara Bezdek" <name:Barbara Bezdek>
alias "Barbara Orton" BarOrton@aol.com
note "Barbara Orton" <name:Barbara Orton>
alias Bec BEC@pobox.com
note Bec <name:Bec Hamadock>
alias "Bob Le Mar" AllSo@compuserve.com
note "Bob Le Mar" <name:Robert D. Le Mar>ArtistP.O. Box 69Garrett Park, MD 20896301-962-7451
alias "Carl Andersen" Carl.Andersen@gecapital.com
note "Carl Andersen" <name:Carl E. Andersen (CAP, CORP)>Carol Kerr, tooECDers, '99
alias Carl_F CF1125@aol.com
note Carl_F <name:Carl Friedman>
alias "Carolyn Worthing" Worthing@mindspring.com
note "Carolyn Worthing" <name:Carolyn Worthing>
alias "Catherine Langrehr" Langrehr@cais.com
note "Catherine Langrehr" <name:Catherine Langrehr>ECD Ball 99
alias "Charlotte Bristow" CEBristow@aol.com
note "Charlotte Bristow" <name:Charlotte Bristow>
alias "Chloe Maher" ChloeMaher@aol.com
note "Chloe Maher" <name:Chloe Maher>
alias "Crystal Paul" CPaul@mccabe.com
note "Crystal Paul" <name:Crystal Paul>ECD Ball '99
alias "Dan Gillespie" Dan.Gillespie@erols.com
note "Dan Gillespie" <name:Dan Gillespie>
alias "Debra Rolison" Rolison@nrl.navy.mil
note "Debra Rolison" <name:Debra Rolison>
alias "Denis Orton" MBOrton@widomaker.com
note "Denis Orton" <name:Denis Orton>
alias "Elizabeth Vermeer" EDVermeer@aol.com
note "Elizabeth Vermeer" <name:Elizabeth Vermeer>
alias "Ellen Blumner" EBlumner@wam.umd.edu
note "Ellen Blumner" <name:Ellen Blumner>
alias "Erica Knicker" gjhnah@earthlink.net
note "Erica Knicker" <name:Erica Knicker>Ball '99
alias "Fred Blonder" Fred.Blonder@gsfc.nasa.gov
note "Fred Blonder" <name:Fred Blonder>
alias "Gabriel Epstein" Vaphil@erols.com
note "Gabriel Epstein" <name:Gabriel Epstein>
alias "Grigsby Wotton" GWotton@ioip.com
note "Grigsby Wotton" <name:Grigsby Wotton>
alias "Helen Powell" Leap@mindspring.com
note "Helen Powell" <name:Spronging>
alias "Henry Szymanski" hnd2szy@excite.com
note "Henry Szymanski" <name:Henry Szymanski>
alias Howard HMarkham@earthlink.net
note Howard <name:Howard A. Markham>
alias "Jason Birzer" LongShot@PressRoom.com
note "Jason Birzer" <name:Jason W. Birzer>
alias "Jean Murphy" Jean.Murphy@science.doe.gov
note "Jean Murphy" <name:Jean Murphy>ECD '99
alias "Jennie Hango" JHango@alumni.hmc.edu
note "Jennie Hango" <name:Jennie Hango>
alias "Jenny Beer" JBeer@Culture-at-Work.com
note "Jenny Beer" <name:Jennifer Beer>
alias "Joan Milstead" JMacDougal@yahoo.com
note "Joan Milstead" <name:Joan M. Milstead>99 Ball
alias "JoAnn Morris" JMorris@umd5.umd.edu
note "JoAnn Morris" <name:JoAnn Morris>
alias "John Montrie" IvanChort@aol.com
note "John Montrie" <name:John Montrie>Ball '99
alias Jailbait JailBait@Apocalypse.org,
note Jailbait <name:Richard (Jailbait) Segal>
alias "Judith DeBiase" Judid@worldnet.att.net
note "Judith DeBiase" <name:Judith DeBiase>
alias "Kloper - Dave and Julie" Kloper@erols.com
note "Kloper - Dave and Julie" <name:Dave and Julie Kloper>
alias "Linda Taggart" Wilhelmina_d@yahoo.com
note "Linda Taggart" <name:Linda D. Taggart>
alias "Lois Czapiewski" Lczap@erols.com
note "Lois Czapiewski" <name:Lois Czapiewski>EDC ball 1999
alias "Lou Vosteen" LVosteen@widomaker.com
note "Lou Vosteen" <name:Lou Vosteen><address:Louis Vosteen124 Four Mile TreeWilliamsburg VA 23188>ECDer
alias "Maryn McKenna" MMcKenna@mindspring.com>
note "Maryn McKenna" <name:Maryn McKenna>
alias "Maureen Orton" Mborton@Widowmaker.com
note "Maureen Orton" <name:Maureen Orton>Maureen and DenisBall 99
alias "Melissa Weisshaus" Melissa@ai.mit.edu
note "Melissa Weisshaus" <name:Melissa Weisshaus>Entered MSW program at Bryn Mawr, Fall/Winter 1997.
alias "Naomi Davis" NJDavis3@aol.com
note "Naomi Davis" <name:Naomi Davis>Ball '99
alias "Pat Ruggiero" RuggieroP@earthlink.net
note "Pat Ruggiero" <phone:804-589-6264><address:RR #1, Box 1830Palmyra, VA 22963><name:Pat Ruggiero>
alias "Pat Ruth" Patricia.Ruth@ssa.gov
note "Pat Ruth" <name:Pat Ruth>
alias "Paul Ballard" Ballard@all-systems.com
note "Paul Ballard" <name:Paul Ballard>
alias "Ralph Shore" RDShore@NationalGypsum.com
note "Ralph Shore" <name:Ralph Shore>ECD Ball 1999
alias "Richard Winston" RBWinston@mindspring.com
note "Richard Winston" <name:Richard B. Winston>ECD '99
alias Rudy SFRudy@juno.com
note Rudy <name:Susan Rudy>
alias "Sam Rotenberg" SRotenbe@Bellatlantic.net
note "Sam Rotenberg" <name:Sam Rotenberg>
alias "Sandra Linenschmidt" S2LINEN@aol.com
note "Sandra Linenschmidt" <name:Sandi Linenschmidt>Ball '99
alias "Susan Dudley" SusanDudle@aol.com
note "Susan Dudley" <name:Susan Dudley>Ball Registrant, 1998
alias "Susie Lorland" ben@eno.princeton.edu
note "Susie Lorland" <name:Susie Lorland>
alias "Tanya Rotenberg" GTRotenb@mcs.drexel.edu
note "Tanya Rotenberg" <name:Tanya Rotenberg>
alias "Ted Rudofker" TedRudofker@juno.com
note "Ted Rudofker" <name:Ted Rudofker>
alias "Tenby Ihde" Dyfed@aol.com
note "Tenby Ihde" <name:Tenby Ihde>New ECDer from VA.
alias "Terry Shehan" SheehanTA@aol.com
note "Terry Shehan" <name:Terry Sheehan>
alias "Tom Anastasio" taanatasio@ssu.edu
note "Tom Anastasio" <name:Tom Anastasio>
alias "Vicky Bocock" HMVB@aol.com
note "Vicky Bocock" <name:Vicky Bocock>
alias "Wayne Harvey" Waynne@erols.com
note "Wayne Harvey" <name:Wayne Harvey>
alias Wexelblatt tigerlil@home.com
note Wexelblatt <name:Pat Wexelblatt>
alias Witt LauerWitt@erols.com
note Witt <name:Gretchen & Andrew Witt>
alias "Kim Shaw" Trailmix5@hotmail.com
note "Kim Shaw" <name:Kim Shaw>Ball '99 on scholarship
alias "JoAnne Rawls" JRawls@sbo.nn.k12.va.us
note "JoAnne Rawls" <name:JoAnne Rawls>ljrawls@hotmail.com
alias "Susan Murrow" 75272.730@compuserve.com
note "Susan Murrow" <name:Susan Murrow>
alias "Carol Oneill" 
note "Carol Oneill" <address:1634 Denniston AvePittsburgh, PA 15217-1458><name:Carol Oneill>
alias "Valerie Webster" I_W_Webster@compuserve.com
note "Valerie Webster" <address:2 Ellsbridge CloseKeynsham, Bristol B531 1TBEngland><name:Valerie and Ian Webster>Dancer in England, near Bath
alias "Margherita Davis" Margheritad@hotmail.com
note "Margherita Davis" <name:Margherita Davis>
alias Sheryl Sheryl.Griffith@arch2.nara.gov
note Sheryl <name:Sheryl Griffith>
alias "Alice Rose" AliceRoseAdams@aol.com
note "Alice Rose" <name:Alice Rose Adams>
alias "Arlene Ring" ARleneRing@juno.com
note "Arlene Ring" <name:Arlene Ring>
alias "Tom Maher" ClareCello@aol.com
note "Tom Maher" <name:Tom Maher>
alias "Holly Steussy" SteussyHa@navsea.navy.mil
note "Holly Steussy" <name:Holly Steussy>
alias "Barbara Harding" BarbHarding@juno.com
note "Barbara Harding" <name:Barbara Harding>
alias "David Millstone" Millstone@Valley.Net
note "David Millstone" <name:David H. Millstone>
alias "Leonard Lu" LWLu@mit.edu
alias "Al Petty" APetty@massed.net
note "Al Petty" <name:Al Petty>
alias "Bob Farrell" Baronanely@aol.com
note "Bob Farrell" <name:Bob Farrell>
alias "Deborah Sheldon" DSheldon@vt.edu
note "Deborah Sheldon" <name:Deborah Sheldon>
alias "Diane Friedman" DinkyDiane@aol.com
note "Diane Friedman" <name:Diane Friedman>
alias "Peggy Edwards" PeggyW@concentric.net
note "Peggy Edwards" <name:Peggy Edwards>
alias "David Mallinak" Matchlck@erols.com
note "David Mallinak" <name:David Mallinak>
alias "Kathleen Norvell" Appin1@aol.com
note "Kathleen Norvell" <name:Kathleen Norvell>
alias "Linda Wolfe" WolfeLinda@aol.com
note "Linda Wolfe" <name:Linda Wolfe>
alias "Theresa Abell" TAAbell@aol.com
note "Theresa Abell" <name:Theresa Abell>
alias "Karen Grycewicz" Grycewicz@alum.mit.edu
note "Karen Grycewicz" <name:Karen Grycewicz>
alias "Kathy Wooldridge" KWoold@widomaker.com
note "Kathy Wooldridge" <name:Kathy Wooldridge>
alias "Paul Koehler" wznwhail@intrepid.net
note "Paul Koehler" <name:Paul Koehler>
alias "Lori Fraind" LoriFraind@netscape.net
note "Lori Fraind" <name:Lori Fraind>
alias "Tabitha Barr" TBarr@internoscorp.com
note "Tabitha Barr" <name:Tabitha Barr>
alias "Gordon Daiger" Gordon Daiger <gdaiger@earthlink.net>
note "Gordon Daiger" <name:Gordon Daiger>
alias "Virginia Jenkins" VirginiaJenkins@Earthlink.net
note "Virginia Jenkins" <name:Gina Jenkins>
